movie_id,actor_id
39520,2175
39520,3339
39520,3591
39520,1234
39520,1165
39520,2264
39520,3153
25980,2987
25980,63
25980,3839
25980,1946
25980,941
46192,642
46192,4612
46192,4718
46192,4613
46192,1768
139593,1117
139593,3643
139593,433
139593,3087
139593,1470
139593,268
139593,4581
139593,3667
139593,3362
139593,3507
171255,3280
171255,2617
171255,972
171255,2619
171255,2017
171255,640
186001,2854
186001,2313
186001,178
186001,1715
186001,1840
186001,618
186001,176
186001,223
186001,172
186001,1714
7042,648
7042,3553
7042,1718
16567,1525
16567,2053
16567,682
66817,2606
66817,2099
66817,1180
66817,2470
7753,1562
7753,4643
7753,1195
7753,3315
7753,1390
7753,632
7753,1684
7753,561
7753,2716
7753,1925
524,3644
18173,3678
18173,1713
18173,481
18173,232
3831,2579
3831,1184
3831,2671
3831,1107
3831,1539
3831,1549
3831,4548
3831,3177
3831,1274
3831,1167
3963,648
3963,4539
3963,1308
3963,1671
3963,61
3963,1631
5648,3448
5648,2286
5648,1011
5648,32
5648,3958
5648,3730
5648,1210
5648,1251
5648,4635
5648,3551
5648,1485
5648,1317
5648,1600
5648,3623
4470,648
4470,1928
4470,1074
4470,374
4470,2708
27984,1716
27984,3992
27984,227
27984,3406
2686,648
2686,1503
2686,2810
2686,4403
2686,1718
2686,2842
144016,4444
144016,3875
144016,1089
144016,1168
144016,4645
144016,1306
144016,1082
144016,2426
144016,2679
144016,1515
46361,1736
46361,3039
46361,3757
46361,4320
46361,815
46361,1440
46361,1102
46361,2454
46361,2351
46361,4752
12730,1490
12730,4381
12730,2514
12730,3711
12730,20
41896,3611
41896,1428
41896,396
41896,260
41896,2151
41896,3562
41896,1370
41896,1241
41896,1211
41896,2272
10559,561
10559,2431
10559,4605
23395,4289
23395,4434
23395,4713
23395,4048
33186,2071
33186,3626
33186,2042
33186,3309
23112,2806
23112,3039
23112,2508
23112,3987
5580,286
5580,2016
5580,4498
5580,2214
5580,2993
23023,2445
23023,4698
23023,1101
23023,2567
16584,2088
16584,430
16584,1342
16584,1869
1963,2457
1963,1449
1963,4653
1963,844
1963,2641
1963,2891
1963,3830
1963,4040
1963,1041
1963,72
1963,233
4991,2987
4991,3839
4991,63
4991,1946
4991,4207
4991,3798
4991,3799
4991,2232
4991,62
4991,941
4991,2
4991,4298
4991,1523
4991,2202
4991,3945
18172,2706
18172,4360
18172,4136
27908,4320
27908,54
27908,4102
27908,54
19755,697
19755,699
19755,4273
185595,4320
185595,3181
185595,4299
185595,4736
185595,697
185595,4295
185595,2563
185595,3758
185595,2452
185595,2570
185595,3402
185595,1418
185595,4317
185595,2446
185595,4433
25986,1716
25986,3992
25986,227
25986,3406
86000,2400
86000,2421
86000,4560
86000,256
86000,1647
86000,1605
7498,587
7498,2924
7498,3105
12135,3197
12135,3684
12135,2362
12135,3214
12135,2799
12135,4786
12135,1858
12135,132
12135,1214
12135,3688
12135,4776
12135,397
2767,1966
2767,1571
2767,4345
2767,3739
2767,4615
2767,2323
2767,3929
2767,1504
10359,3432
10359,1726
10359,1668
10359,4585
10359,2629
10359,3924
7119,2985
7119,657
7119,4449
7119,1146
14549,1492
14549,2015
14549,2888
4992,3838
4992,941
4992,63
4992,1452
4992,3839
4992,2202
4992,4298
4992,2626
4992,3154
4992,1423
4992,3796
4992,4407
4992,545
4992,1361
4992,1326
5082,3779
5082,1231
5082,299
5082,3174
28850,4769
28850,1104
28850,2317
28850,1629
28850,4677
3232,648
3232,3553
3232,1915
3232,3752
3232,1719
3232,473
3232,1570
3232,616
17065,2841
17065,3509
17065,3117
17065,4610
17065,2203
17065,28
17065,579
17065,3527
17065,767
17065,3128
17065,3242
17065,1960
17065,350
17065,1563
17065,4095
19839,1603
19839,531
19839,3942
19839,128
19839,1412
19839,4348
19839,1212
19839,1691
14603,697
14603,4082
14603,4680
14603,1676
7025,3838
7025,804
7025,1679
7025,2177
7025,3580
7025,77
7025,2640
7025,4218
7025,937
7025,4510
4480,648
4480,2990
4480,1878
4480,2954
4480,1856
2233,1966
2233,2502
2233,383
2233,1722
2233,4398
2233,3738
2233,1133
2233,2536
2233,2623
2973,4621
2973,782
2973,2674
2973,1408
2973,1640
2973,3943
10948,86
10948,4552
10948,4139
10948,1313
1792,3375
1792,4061
1792,97
1792,3558
1792,3208
1792,169
1792,4573
1792,3206
1792,102
16903,2088
16903,83
16903,736
26035,4202
26035,4051
26035,2346
26035,1111
26035,3378
26035,4493
51,4421
51,1911
51,2953
51,2178
51,1493
51,3496
51,3344
51,2166
6476,1914
6476,4097
6476,857
6476,4029
27808,4289
27808,3402
27808,2564
27808,2837
2321,1393
2321,392
2321,1085
2321,3676
2321,2052
2321,4406
2321,563
2321,3804
2321,1317
27838,2508
27838,4705
27838,2567
27838,3037
23260,4434
23260,3039
23260,2806
23260,4289
2676,1616
2676,1155
2676,570
2676,1406
2676,4639
2676,4744
2676,1189
2676,1633
2676,4619
27913,4714
27913,4472
27913,701
10423,2681
10423,2592
75014,4382
75014,1042
75014,1374
75014,1919
75014,2961
75014,3358
75014,1058
75014,212
75014,2325
75014,4223
59864,3412
59864,3413
59864,2882
59864,753
59864,1144
59864,3272
59864,1744
59864,4244
59864,2955
59864,1670
18380,1868
18380,3629
18380,3337
18380,4176
27927,2389
27927,2415
27927,4229
27927,3946
25994,1716
25994,3992
25994,227
25994,3406
59538,3725
59538,832
59538,4509
59538,2085
59538,317
59538,2939
59538,845
59538,3361
40390,2038
40390,3675
40390,4603
40390,641
33173,2988
33173,116
33173,1725
33173,1197
27929,4179
27929,4092
27929,4260
27929,156
12849,2247
12849,4005
12849,4461
12849,4378
12849,1679
12849,2911
12849,725
12849,162
12849,540
12849,4535
12849,3920
12849,4209
12849,1192
77342,392
77342,1481
77342,990
77342,157
77342,1723
77342,2887
77342,330
77342,2251
77342,3829
77342,1028
77342,4349
12091,3649
12091,1195
12091,2049
12091,1451
12091,964
12091,2867
6186,3267
6186,293
6186,2970
127956,3531
127956,1517
127956,1472
127956,1433
127956,2914
14963,2696
14963,643
14963,1849
14963,3061
28817,703
28817,4145
28817,229
28817,290
48703,26
48703,3322
48703,121
48703,924
48703,3440
48703,572
48703,2364
48703,709
48703,425
48703,2855
7141,1155
7141,4649
7141,1248
7141,1918
8395,3838
8395,725
8395,2245
8395,3110
8395,2202
7866,2693
7866,1114
4741,3076
4741,1606
4741,1583
80276,1804
80276,1158
80276,4527
80276,1328
39616,4315
39616,197
39616,435
39616,1643
39616,2413
39616,3904
39616,2558
39616,1692
24235,106
24235,241
24235,1988
24235,2884
6984,3043
6984,3781
6984,1764
6984,2039
6984,2332
6984,2535
8585,3448
8585,673
8585,2016
8585,2285
8585,2985
8585,53
8585,2169
8585,3730
8585,930
8585,4479
8585,3285
8585,4517
36068,1999
36068,1636
36068,1604
36068,2149
36068,3610
135484,1459
135484,1587
135484,2487
135484,1188
135484,4242
135484,3705
135484,2438
135484,1765
135484,1832
135484,168
46571,2801
46571,1534
46571,1066
46571,743
46571,2811
46571,2935
46571,2813
32535,3213
32535,200
32535,2528
32535,831
32535,2436
9205,293
9205,4149
9205,1614
9205,849
9205,837
9205,2076
9205,1861
50994,3425
50994,2702
50994,3463
50994,3445
50994,3427
2577,451
2577,266
2577,1494
2577,1450
2577,2953
2577,636
2577,1794
2577,1581
2577,382
2577,4345
2577,4592
2577,3718
2577,796
10450,3747
10450,1132
10450,3850
6025,66
6025,3769
6025,276
6025,3890
6025,2437
6025,3388
6025,792
6025,751
6025,4183
6025,3877
6025,3070
2957,1720
2957,2006
2957,2199
2957,669
2957,1018
2957,3950
2957,3422
2957,2240
2957,1055
2957,4767
6040,248
6040,87
6040,4547
6040,2921
6040,2876
6040,1669
6040,3317
8629,4310
8629,1625
8629,3343
8629,4080
25957,2262
25957,3353
25957,2031
25957,718
22041,4668
22041,4500
22041,1860
22041,4470
27875,1383
27875,3902
27875,658
868,3961
868,2966
868,3509
868,1651
868,4217
868,1454
868,2936
868,940
868,3291
868,1353
868,202
868,336
868,1563
868,2641
868,3621
1152,3838
1152,1972
1152,1127
1152,4443
1152,4438
1152,2179
1152,851
1152,560
1152,3796
1152,4641
1152,861
1152,2110
56304,2125
56304,4687
56304,4109
56304,4153
56304,471
56304,3522
56304,6
56304,684
56304,4431
56304,605
24646,2987
24646,3005
24646,3839
24646,1399
24646,3996
24646,2606
24646,82
24646,1661
24646,929
24646,1423
24646,2118
24646,4033
24646,485
24646,1958
24646,2486
24646,777
24646,807
24646,358
3378,2969
3378,2368
3378,2410
3378,2186
3378,1512
3378,4634
3378,2410
3378,3971
5055,1720
5055,2620
5055,1040
5055,1039
5055,1922
4451,3868
4451,1686
4451,649
4451,3955
60353,3081
60353,1994
60353,2969
60353,4620
60353,3969
60353,295
60353,3615
60353,3299
60353,1242
4005,3594
4005,1137
4005,1831
4005,3460
4005,4348
4005,1601
4005,1409
4005,1411
4005,3537
4005,4347
15926,1911
15926,4114
15926,1393
15926,3736
27797,2508
27797,4434
27797,3037
27797,1812
8911,4663
8911,1575
24957,876
24957,4363
24957,4601
24957,680
24957,2550
24957,1788
20896,3077
20896,1595
20896,421
20896,459
20896,3384
3025,1072
3025,1209
3025,1833
3025,1376
3025,1193
9277,3053
9277,4530
9277,7
9277,3693
9277,1004
10241,1405
10241,3241
10241,3926
10241,1767
7802,1966
7802,999
7802,1725
7802,4357
7802,4604
10526,3542
10526,1557
10526,1698
10526,3405
27966,3448
27966,2459
27966,2216
27966,2099
27966,2889
25055,1447
25055,234
25055,2221
25055,1815
25055,1028
6863,2336
6863,1712
6863,1982
6863,3067
28111,3545
28111,2893
28111,3942
28111,1511
27970,842
27970,4188
27970,4280
27970,3189
14548,648
14548,735
14548,561
14548,4262
2194,2875
2194,224
2194,278
2194,4748
2194,2824
2194,65
2194,275
2194,4600
2194,4483
2194,3788
2194,1249
2194,3673
11008,4552
11008,2077
11008,626
11008,757
11008,2755
11008,2692
11008,391
11008,2682
11008,3216
11008,3316
11008,2776
11008,1322
11008,1049
9260,1434
9260,2815
9260,2049
9260,837
25993,2797
25993,3604
25993,4247
25993,1716
25993,3992
26125,98
26125,1585
26125,4561
26125,3158
9141,4207
9141,3999
9141,2050
9141,2739
9141,2953
13556,2201
13556,3112
13556,3954
13556,1121
4869,2251
4869,737
4869,2199
4869,4357
28163,2903
28163,3107
28163,1202
439,181
439,1888
439,3376
439,3382
439,1851
439,3379
439,4732
439,4733
439,3897
37687,1661
37687,3952
37687,4041
37687,1086
37687,2804
37687,871
37687,4652
37687,533
37687,2181
37687,2167
27983,2969
27983,1512
27983,3140
27983,956
23088,4142
23088,1179
23088,1930
23088,755
10623,1661
10623,4041
10623,3952
10623,871
10623,4646
18020,3169
18020,2054
18020,3630
18020,3742
8773,1962
8773,1105
8773,446
13196,2987
13196,3005
13196,3839
13196,1399
13196,3996
13196,2606
13196,82
13196,1661
13196,929
13196,1423
13196,2118
13196,4033
13196,485
13196,1958
13196,2486
13196,777
13196,807
75394,4179
75394,493
75394,4008
75394,698
75394,3487
75394,3980
75394,1569
75394,4123
75394,4227
75394,4307
67415,4030
67415,2384
67415,3199
67415,4124
67415,4546
67415,3288
67415,4376
67415,2035
67415,3985
67415,4117
1255,1465
1255,908
1255,2050
1255,994
1255,3221
1255,805
1255,1027
1255,3822
1009,1661
1009,4041
1009,3952
1009,871
1009,1086
1009,2804
1009,533
1009,4652
1009,2181
1009,2167
39110,3340
39110,4370
39110,2608
39110,3499
39110,3896
39110,3369
39110,3462
39110,4036
39110,3223
39110,1678
21367,4743
21367,667
21367,1313
21367,3602
21367,4580
21367,305
21367,4654
21367,864
6595,997
6595,3328
6595,2373
6595,181
2634,3575
2634,447
2634,566
2634,1199
2634,143
2634,1255
2634,2545
2634,2542
2634,578
2634,1990
31777,1334
31777,1703
31777,4550
31777,2753
31777,3995
31777,4078
4508,3855
4508,4098
4508,2681
9899,63
9899,4039
9899,3572
9899,2229
5635,3727
5635,3129
5635,497
12680,1171
12680,1092
12680,434
12680,4199
12680,3642
56838,1448
56838,552
56838,384
56838,897
56838,1862
56838,704
56838,1577
56838,879
56838,633
56838,3895
43938,3792
43938,1555
43938,4598
43938,1205
43938,3713
43938,1316
43938,2605
43938,1069
43938,4607
43938,2963
1133,765
1133,2627
1133,1116
1133,3698
1133,88
1133,1183
1133,2772
1133,758
1133,2190
27798,2508
27798,4327
27798,4754
27798,4048
45196,1120
45196,76
45196,84
45196,15
45196,1149
45196,1921
45196,1855
45196,298
45196,1514
45196,3541
140909,1844
140909,1989
9457,559
9457,751
9457,66
9457,3909
9457,3480
9457,3815
9457,4065
9457,1813
9457,4329
9457,2763
9457,1547
9457,3068
9457,3458
9457,1894
45763,4296
45763,3756
45763,3254
45763,4288
45763,2392
45763,3349
45763,2468
45763,2836
45763,4430
45763,4755
6002,959
6002,2220
6002,2441
6002,2476
6002,1475
6002,3751
6002,338
27973,842
27973,4664
27973,199
27973,253
23662,451
23662,1730
23662,4334
23662,3797
23662,823
7138,284
7138,2225
7138,4617
7138,1396
7138,264
7138,2216
210973,193
210973,880
210973,681
210973,1829
210973,2258
210973,4021
210973,1717
210973,2335
210973,726
3611,2681
3611,786
3611,1140
3611,131
3611,2822
3611,3846
3611,1258
3611,3997
3611,4497
3611,3011
5273,2998
5273,2948
5273,3651
5273,2060
5273,973
5273,3648
4977,751
4977,2875
4977,278
4977,4010
4977,3932
4977,393
4977,2814
4977,620
4977,1056
4977,1593
4977,2959
4977,2962
4977,4390
4977,2880
4977,3306
8219,1339
8219,3816
8219,221
8219,1162
24461,1447
24461,1571
24461,2715
24461,4357
9280,3838
9280,3732
9280,2179
9280,2730
9280,3550
9280,1361
9280,3204
9280,1363
9280,727
9280,1349
9280,1535
9280,4257
128589,2276
128589,2826
128589,3302
128589,2025
128589,1372
128589,2401
128589,1890
128589,3001
128589,4579
128589,3563
128589,3163
23209,2724
23209,3417
23209,2163
23209,3355
27911,2696
27911,3540
27911,3743
27911,2866
3715,3380
3715,2795
3715,4061
3715,3207
3715,3208
3715,169
3715,3206
3715,3558
62466,372
62466,3984
62466,3
23445,240
23445,4545
23445,3407
23445,1838
25984,1544
25984,1716
25984,3992
43114,4126
43114,3394
43114,933
43114,4084
43114,4079
43114,153
43114,4301
43114,159
43114,1310
43114,483
64184,3485
64184,4116
64184,4228
55885,25
55885,4377
55885,678
55885,1264
55885,94
55885,129
55885,1649
55885,4694
55885,4678
55885,3260
45526,3348
45526,3973
45526,4453
45526,4452
45526,1619
45526,2375
45526,4052
2949,4180
2949,4267
2949,4587
2949,4588
2949,538
2949,1083
2949,1344
2949,1497
2949,337
2949,3284
25983,1716
25983,846
25983,3992
12363,3174
12363,2045
12363,964
12363,1532
12363,2743
25988,1716
25988,3992
25988,227
25988,3406
3627,2493
3627,829
3627,4001
3627,2587
3627,2507
3627,614
3627,2069
3627,3709
3627,4540
3627,4396
1367,1796
1367,1834
1367,3534
1367,749
1367,4263
1367,782
1367,3594
1367,1000
1367,2309
1367,2240
2240,1085
2240,2159
2240,3741
2240,823
2240,1068
2240,4352
2240,1016
2240,334
2240,1348
2956,1947
2956,4542
2956,1065
2956,2892
2956,4211
2956,2188
2956,4586
2956,1390
12254,4519
12254,459
12254,1837
12254,1595
3376,2969
3376,3971
3376,2410
3376,2409
3376,1512
3376,4634
3376,2185
3376,2560
12009,3194
12009,1219
12009,126
12009,3871
12009,151
165577,1280
165577,1592
165577,4338
165577,630
165577,977
165577,188
165577,4020
165577,1866
165577,2726
165577,3055
6849,1548
6849,288
6849,3793
31679,2161
31679,749
31679,353
31679,783
3621,617
3621,1238
3621,1961
3621,2635
3621,2124
3621,2293
3621,3619
3621,2997
3621,11
10882,751
10882,4552
10882,2875
10882,4436
10882,591
41656,793
25373,1620
25373,1634
25373,394
25373,1568
32472,4518
32472,456
32472,1275
32472,4357
32472,3676
27884,3634
27884,4339
27884,4628
17455,263
17455,3103
17455,1795
1574,648
1574,144
1574,3108
1574,1665
1574,1486
1574,1718
1574,4387
1574,2241
1574,4214
7799,86
7799,2614
7799,2685
7799,1336
7799,757
33977,3387
33977,297
33977,110
33977,603
4551,4643
4551,1203
4551,416
4551,1975
24065,2593
24065,3588
24065,1634
24065,3198
25687,963
25687,1954
25687,4023
25687,4616
25687,624
1471,451
1471,2163
1471,4511
1471,247
1471,4624
1471,2339
1471,265
1471,2973
1471,443
70217,1623
70217,4018
70217,3111
70217,2566
70217,2129
70217,2143
2001,1727
2001,4661
2001,2834
2001,340
2001,33
2001,2807
2001,2827
2001,2916
2316,3600
2316,1482
2316,4207
2316,3583
2316,2448
2316,4156
2316,1952
2316,4437
2316,1903
2316,1345
49923,998
49923,2366
49923,477
49923,1826
49923,4087
49923,2145
49923,2127
49923,1687
49923,4692
49923,2130
6704,1389
6704,805
6704,1900
6704,3450
6704,2659
10659,3267
10659,3857
10659,3847
10659,2802
10659,2769
10659,228
10659,3468
10659,1400
10659,3263
10659,2699
17763,1034
17763,2326
17763,3951
17763,2411
17763,2327
12773,459
12773,2710
12773,1595
12773,2894
12773,2370
12123,697
12123,4102
12123,2451
12123,2950
12123,3310
14975,349
7788,4142
7788,1334
7788,1298
15670,2524
15670,1701
15670,3960
15670,3579
37901,3099
37901,4432
37901,3030
37901,3258
37901,4107
37901,4291
37901,3399
37901,4710
37901,48
37901,2393
845,2049
845,2751
845,3237
845,2694
845,1425
845,4027
845,1292
845,1529
845,2867
3375,3592
3375,1591
3375,2969
3375,2369
3375,3044
3375,3136
3375,1429
3375,1646
3375,2185
5714,2863
5714,2724
5714,3414
5714,2217
5714,4446
1022,2192
1022,821
1022,2197
1022,615
1022,315
1022,568
1022,3729
1022,1945
1022,992
1022,3290
1022,4657
78480,1736
78480,3039
78480,2950
78480,1874
78480,690
78480,815
78480,3089
78480,3411
78480,1421
78480,1690
78480,3402
78480,3935
78480,2382
78480,57
78480,4049
78480,2456
78480,4441
23037,3740
23037,1709
23037,3544
23037,3905
25989,1716
25989,3992
25989,227
25989,3604
25989,3406
78846,3225
78846,3941
78846,1999
78846,2398
78846,3303
78846,2397
78846,2275
78846,4764
78846,3245
78846,3246
78846,3940
8547,1914
8547,854
8547,2747
8547,4632
8547,509
8547,723
8547,4029
8547,4533
8547,4650
8547,4264
8547,3582
8547,3295
8547,4640
8547,3119
15917,1520
15917,1312
15917,1524
15917,3444
6163,890
6163,2501
6163,2970
6163,3892
25987,1716
25987,3992
25987,227
25987,3406
7417,4388
7417,3882
7417,2123
7417,4502
7417,4256
38709,3401
38709,2154
38709,2449
38709,2330
38709,4284
38709,4057
38709,2482
38709,1776
38709,1417
27890,2046
27890,2902
27890,656
27890,1319
42863,1155
42863,2848
42863,3073
42863,1160
42863,1644
42863,3429
42863,1733
42863,1476
42863,1173
42863,3421
4778,1548
4778,1320
4778,1386
4778,163
42016,3042
42016,4706
42016,366
42016,1756
42016,3252
42016,1095
42016,2565
42016,3235
42016,4341
3383,2969
3383,2368
3383,3971
3383,1236
3383,2186
3383,1646
3383,2410
3383,1702
7522,2251
7522,1966
7522,2622
7522,4498
7522,1065
5887,1562
5887,4589
5887,4046
5887,4127
934,248
934,4590
934,4384
934,111
934,1453
934,4323
934,2721
934,341
934,3410
68962,375
68962,2503
68962,4168
68962,3282
68962,2018
5949,2251
5949,906
5949,218
5949,3811
5949,4588
39595,1750
39595,4712
39595,3965
39595,1675
39595,2512
39595,4721
39595,1777
39595,2447
39595,4118
3374,3044
3374,3136
3374,2369
3374,2969
3374,3592
3374,956
3374,2560
3374,1429
3374,3976
54329,917
54329,1978
54329,1711
54329,1933
54329,4742
22888,755
22888,4142
22888,1771
22888,2365
117296,3764
117296,4110
117296,3759
117296,3031
117296,4685
117296,1739
117296,1473
117296,1870
117296,2539
117296,4343
6351,2251
6351,2105
6351,4498
6351,3326
6351,1013
49127,4362
49127,4757
49127,2338
49127,4178
49127,3483
49127,2912
49127,4044
49127,2358
49127,1047
49127,872
28139,1480
28139,454
28139,3432
28139,770
44431,3401
44431,4284
44431,4108
44431,3034
25995,1716
25995,3992
25995,227
25995,3406
4700,1575
4700,3428
4700,4194
14011,426
14011,2184
14011,4684
14011,1059
23412,4434
23412,1093
23412,2381
23412,4320
11317,3649
11317,1536
11317,3650
11317,3420
5826,4320
5826,58
5826,2146
5826,816
37915,1092
37915,3371
37915,2563
37915,1748
37915,2532
37915,4054
37915,2509
37915,2521
37915,1737
37915,1759
37915,4303
71549,1100
71549,1836
71549,2599
71549,3249
71549,4312
3381,3140
3381,2986
3381,2969
3381,1513
3381,2560
3381,4634
3381,3971
3381,2409
3381,2185
10077,941
10077,4671
10077,4425
10077,3549
6786,100
6786,181
6786,3376
17421,1590
17421,107
23241,1734
23241,1010
23241,1161
23241,1685
52052,4320
52052,3181
52052,691
52052,1827
52052,2450
52052,4273
52052,54
52052,3036
52052,3403
52052,2571
52052,4048
52052,4451
7100,3448
7100,2286
7100,139
7100,4439
7100,3536
7100,1208
7100,1194
7100,4130
2667,2084
2667,1298
2667,917
2667,555
2667,4225
2667,3529
2667,2342
2667,3218
2667,2915
2667,748
2667,3172
7104,1796
7104,4594
7104,4375
7104,405
7104,1674
493,264
493,3516
493,4513
493,1830
493,192
493,2429
10541,98
10541,3205
10541,1586
154919,1440
154919,2806
154919,368
154919,1753
154919,1676
154919,1763
154919,697
154919,2532
154919,1677
154919,4715
23390,3717
23390,1436
23390,2622
23390,4599
23390,2227
21150,3892
21150,293
21150,909
21150,2228
3868,3599
3868,92
3868,288
3868,3441
3868,1906
3868,2301
3868,287
3868,749
3868,333
3868,996
19360,3803
19360,4152
19360,1667
2177,2875
2177,4195
2177,848
2177,2648
2177,2583
2177,3423
2177,2897
2177,215
2177,3661
25327,542
25327,3040
25327,2757
3754,2163
3754,4207
3754,3106
3754,4031
3754,4604
3754,412
3754,1203
3754,2199
16351,4250
16351,17
16351,3488
3223,1558
3223,2622
3223,1560
3223,2174
3223,1784
3223,119
3223,2094
3223,3607
3223,4659
61260,2547
61260,8
61260,2022
61260,34
61260,258
61260,507
61260,3436
61260,4413
61260,1983
61260,2028
4975,3164
4975,3448
4975,4254
4975,3835
4975,1746
4975,3352
4975,3139
4975,1276
4975,1007
3900,2164
3900,2741
3900,2820
3900,2868
3900,326
3900,606
3900,1782
3900,2218
4746,1834
4746,617
4746,749
4746,2739
5872,2251
5872,3278
5872,2170
5872,4588
14662,2825
14662,4666
14662,2785
7269,741
7269,657
7269,1331
7269,1731
27900,1991
27900,4281
27900,1845
27900,1626
24700,702
24700,4106
24700,697
24700,4414
24700,3035
10809,561
10809,2928
10809,1556
10809,2136
32390,1414
32390,1314
32390,3131
32390,1352
22911,1947
22911,3439
22911,951
22911,2057
24445,4434
24445,1882
24445,3234
24445,55
63760,3940
63760,4570
63760,2005
63760,3226
63760,4778
63760,1825
63760,1077
63760,2147
63760,3301
63760,4564
2007,1575
2007,3428
2007,4194
2007,340
2007,4187
2007,3669
2007,3702
2007,1992
2007,2845
30302,2681
30302,3792
30302,991
30302,331
27879,342
27879,914
27879,2777
27879,357
55774,3792
55774,1555
55774,4598
55774,1205
55774,3713
55774,1316
55774,2605
55774,1069
55774,4607
55774,2963
27840,2806
27840,367
27840,45
27840,3182
9959,3838
9959,2179
9959,628
9959,1363
9959,3354
9959,4350
9959,2960
9959,1343
9959,2283
9959,1362
9959,2729
7813,1339
7813,86
7813,1336
7813,2648
7813,592
22905,4070
22905,1110
22905,3374
22905,1641
185597,4320
185597,3181
185597,2534
185597,2351
185597,3180
185597,2449
185597,2552
185597,3966
185597,2383
185597,2474
185597,2385
185597,3088
185597,4295
185597,1738
185597,4704
48916,2251
48916,2901
48916,1103
48916,4446
48916,4450
48916,895
48916,1401
48916,1808
48916,665
48916,2746
1739,3408
1739,3899
1739,3707
1739,2796
1739,4494
1739,2794
1739,3559
1739,968
22892,1195
22892,1278
22892,4759
22892,3056
6181,3542
6181,1493
6181,231
6181,501
6181,2405
9546,963
9546,2260
9546,2442
9546,1129
1705,3879
1705,2602
1705,3861
1705,1014
1705,3849
1705,1573
1705,3848
1705,1088
1705,1673
1705,2227
160375,1119
160375,3662
160375,4484
160375,2598
27922,3179
27922,4081
27922,3655
27922,3903
25985,1716
25985,3992
25985,227
25985,3406
31622,199
31622,2547
31622,1574
31622,2121
31622,4583
31622,1979
31622,1898
31622,1152
31622,2808
31622,1728
25991,1716
25991,846
25991,1378
25991,3992
24564,1599
24564,3095
24564,2840
24564,4582
24564,2256
42811,3665
42811,1791
42811,686
42811,3113
42811,3097
42811,2663
42811,1786
42811,729
42811,3232
42811,1289
7173,1261
7173,2324
7173,3063
7173,2932
41938,3181
41938,3251
41938,3773
41938,4320
41938,2455
41938,2473
41938,3721
41938,1419
41938,2394
41938,4708
41938,3457
41938,2485
46705,2695
46705,4364
46705,4773
46705,2472
48985,2828
48985,713
48985,575
48985,2857
48985,1835
48985,213
48985,1099
48985,1424
48985,2557
48985,2156
49461,3908
49461,862
49461,1302
49461,4468
49461,3505
49461,3122
49461,1304
49461,739
49461,4193
49461,2110
50457,3244
50457,1996
50457,340
50457,2547
22982,1720
22982,828
22982,288
22982,1724
22301,3320
22301,2596
22301,2359
22301,235
22301,824
22301,3101
22301,2596
22301,824
22301,517
22301,3842
22301,2425
22301,2618
22301,4032
22301,474
22985,2673
22985,4177
22985,4302
22985,4162
38798,1893
38798,4324
38798,4141
38798,2634
38798,588
38798,2943
38798,4074
38798,3657
38798,4045
38798,3479
201609,2738
675,2514
675,1995
675,3828
675,3676
675,1346
675,3794
675,3735
675,2661
675,2193
675,1463
192216,1166
192216,4056
192216,4729
192216,2658
192216,4785
192216,4457
192216,314
192216,429
192216,4017
192216,4789
64142,3157
64142,2119
64142,1817
64142,2844
64142,3699
64142,2633
64142,2527
64142,3906
64142,198
64142,2883
64142,1891
64142,891
64142,3002
64142,2760
64142,3048
64142,1986
23985,4314
23985,2585
23985,1889
33207,975
33207,37
33207,4514
33207,2299
23106,3664
23106,4158
23106,2390
23106,2388
33171,3810
33171,1467
33171,1566
33171,1794
13904,3389
13904,4552
13904,4195
13904,4197
13904,87
13904,1541
13904,2872
13904,1108
13904,1299
13904,3200
13904,2875
13904,1281
13904,4551
13904,4455
13904,961
13904,1859
13904,586
28363,2815
28363,667
28363,3744
28363,2046
1041,4608
1041,1279
1041,1464
1041,3134
1041,1222
1041,931
1041,1035
1041,1245
1041,1468
13999,1774
13999,1773
13999,3265
26216,2344
26216,982
26216,555
26216,2940
12855,86
12855,4098
12855,3909
12855,4534
3382,2969
3382,2368
3382,956
3382,2410
3382,3971
3382,2186
3382,1236
3382,2157
63245,3438
63245,74
63245,2139
63245,205
17711,881
17711,2467
17711,4034
17711,1455
17711,4408
41627,2546
653,408
653,2715
653,2624
653,1402
653,4521
653,3514
653,3144
653,1045
653,445
653,2978
7854,1899
7854,610
7854,3861
7854,2697
46448,214
46448,2183
46448,3576
46448,1682
46448,3887
46448,4165
46448,860
46448,3262
10550,3733
10550,2014
10550,3622
10550,1780
10550,1350
10550,1007
10550,3023
10550,225
10550,2680
10550,1355
10550,2660
46783,4125
46783,2572
46783,1565
46783,2378
46783,4392
46783,4700
46783,3400
46783,2497
46783,2517
46783,3967
13199,63
13199,3838
13199,4477
13199,2259
13199,4409
13199,945
13199,170
13199,344
13199,3324
13199,928
13199,4623
13199,3296
13199,4326
13199,858
21380,2659
21380,4157
21380,2744
21380,2253
21380,323
4825,2414
4825,250
4825,3267
4825,1216
4825,3083
4825,514
4825,3219
4825,3127
4825,3000
4825,1924
4825,4111
4825,3471
15484,3293
15484,152
15484,154
15484,2297
52762,4536
52762,1822
52762,2518
52762,3677
52762,2257
52762,2670
52762,1879
15910,3439
15910,3278
15910,3712
15910,3241
3290,2049
3290,2099
3290,3776
3290,1002
3290,2696
3290,4554
3290,2951
3290,835
3290,915
3290,3529
5584,2734
5584,3476
5584,2956
5584,3638
5584,2676
31453,4495
31453,3373
31453,99
31453,261
149022,849
149022,431
149022,3837
149022,3529
149022,2098
149022,3533
149022,838
149022,3540
149022,4065
149022,3420
149022,2696
24906,4717
24906,1787
24906,3096
24906,4305
24906,4367
34856,888
34856,2112
34856,1186
34856,1981
15905,1235
15905,4492
15905,140
31031,2531
31031,2496
31031,4297
31031,348
16125,4294
16125,2443
16125,3763
16125,4252
58654,3363
58654,3749
58654,1381
58654,3270
58654,4175
58654,3124
58654,2761
58654,3010
58654,1811
58654,3123
58654,717
8866,1848
8866,3084
8866,3912
8866,444
42417,3765
42417,117
42417,955
42417,1688
42417,2523
42417,1391
42417,1650
42417,4458
42417,4471
42417,3754
8930,2189
8930,4584
8930,2051
8930,2698
14727,451
14727,1720
14727,1481
14727,2887
1336,1745
1336,4519
1336,345
1336,4429
1336,780
1336,2704
1336,4428
1336,1098
27612,500
27612,2839
27612,970
27612,3435
9816,3907
9816,1867
9816,3104
9816,4098
2006,3248
2006,2549
2006,1997
2006,340
2006,2547
2006,3436
2006,2809
2006,4762
2006,4760
8191,559
8191,1065
8191,360
8191,78
8052,1582
8052,3104
8052,1287
8052,4133
36545,1217
36545,243
36545,388
36545,271
36545,4148
31510,921
31510,3175
31510,1589
31510,3800
10759,4375
10759,2286
10759,974
10759,266
54721,427
54721,2805
54721,1427
54721,3818
54721,4007
54721,3777
54282,4309
54282,371
54282,1266
54282,1775
54282,44
1843,1464
1843,1399
1843,2202
1843,147
1843,734
1843,3130
1843,1126
1843,4335
1843,1661
33009,4777
33009,1897
33009,4366
33009,4784
69769,211
69769,4222
69769,4220
3262,1796
3262,2602
3262,2244
3262,2992
3262,1014
3262,3570
3262,3755
3262,668
3262,650
3262,488
3262,1122
69515,2372
69515,3975
69515,201
69515,2851
69515,2322
69515,239
69515,274
69515,3086
69515,1364
69515,242
168687,2312
168687,1863
168687,593
325,3683
325,321
325,2824
325,732
325,3318
325,2773
325,551
325,1521
325,2907
325,158
27878,1330
27878,2885
27878,3821
27878,2365
6448,1720
6448,4516
6448,2688
6448,4588
4868,451
4868,1730
4868,1965
4868,1407
39429,765
39429,410
39429,43
39429,794
39429,1506
39429,1032
39429,520
39429,521
39429,1024
39429,3312
39429,4024
39429,719
27800,3078
27800,4731
11921,1916
11921,2622
11921,1051
11921,3863
9338,765
9338,1464
9338,3283
9338,3805
242,4134
242,4410
242,1667
242,4502
242,2225
242,1807
242,4686
151267,4146
151267,1141
151267,3703
151267,3900
151267,651
151267,4675
151267,788
151267,920
151267,2749
151267,3633
25674,4134
25674,4410
25674,1667
25674,4502
9893,2625
9893,3510
9893,1568
9893,2422
150,1451
150,2789
150,3072
150,3654
150,2700
150,577
150,339
150,1509
150,1036
150,495
13333,3712
13333,3183
13333,492
13333,4170
13333,923
13333,1001
19810,264
19810,498
19810,2504
74080,1567
74080,2230
74080,2466
74080,946
74080,3397
74080,720
74080,3050
74080,536
74080,4002
74080,1538
7936,4671
7936,3112
7936,2194
34300,2550
34300,4112
34300,4363
34300,2550
34300,1057
34300,1974
15669,549
15669,532
15669,1642
15669,760
45564,2533
45564,3426
45564,3965
45564,576
45564,2387
45564,3774
45564,1772
45564,1750
45564,4712
45564,1871
7876,209
7876,3502
7876,281
27910,963
27910,4394
27910,2638
27910,400
27910,1967
147566,1659
147566,3724
147566,413
147566,2642
147566,440
147566,2495
147566,2261
147566,2637
147566,4094
147566,3786
44359,1654
44359,2173
44359,3801
44359,596
6857,1085
6857,2159
6857,823
6857,2887
27326,2987
27326,63
27326,3839
27326,941
27326,2202
216881,1553
216881,1542
89,741
89,750
89,4591
89,3925
89,1973
89,73
89,332
89,484
51409,1676
51409,4754
51409,692
51409,3981
51409,2469
51409,1754
51409,1827
51409,499
51409,4172
51409,815
19143,3307
19143,2075
19143,2933
27874,745
27874,2165
27874,3365
27874,24
27874,3695
27874,3364
27874,2999
27874,291
27874,2047
13104,4149
13104,4580
13104,667
13104,3540
32894,3922
32894,4630
32894,900
32894,3109
10843,1796
10843,2602
10843,32
10123,763
10123,976
3938,1961
3938,3600
3938,4230
3938,4098
3938,1446
3938,2117
3938,939
3938,2720
3938,631
3938,461
5833,4207
5833,774
5833,4528
5833,1122
39239,3916
39239,733
39239,859
39239,1315
3505,4075
3505,3389
3505,2938
3505,2099
3505,2881
3505,1230
3505,4356
3505,927
3505,3898
3505,3165
27468,2759
27468,4783
67041,4695
67041,1618
67041,4448
67041,2573
67041,3455
67041,1182
67041,3094
67041,2803
67041,4050
67041,3393
27816,2468
27816,4234
27816,4420
27816,4290
8967,3062
8967,2093
8967,1084
2488,1387
2488,1931
2488,4480
2488,2088
2488,2083
2488,830
2488,120
2488,2044
2488,1387
2488,3370
2488,3336
2488,437
25346,1620
25346,1634
25346,394
25346,1568
781,4150
781,2481
781,4393
781,1907
781,2011
23017,2100
23017,3062
23017,663
23017,3298
9114,953
9114,2082
9114,670
9114,2092
16960,2102
16960,2219
16960,2337
16960,4209
16960,3620
16960,886
16960,4308
16960,3618
16960,2979
16960,3601
16960,3116
16960,2248
16960,2140
25289,2819
25289,4179
25289,4089
1278,4180
1278,2698
1278,1395
1278,3186
1278,3104
1278,669
1278,2199
1278,3451
1278,1910
19197,4211
19197,139
19197,450
19197,1003
19197,1432
5265,1038
5265,1279
5265,2993
5265,688
59057,4730
59057,4161
59057,3714
59057,2537
59057,4506
59057,376
59057,878
59057,2656
59057,4155
59057,3404
14650,1467
14650,3783
14650,1494
14650,1073
25309,108
25309,3433
25309,2709
43941,4572
43941,2362
43941,1198
43941,3198
43941,3812
20554,4422
20554,2831
20554,2576
20554,3748
20554,3556
19236,4294
19236,4738
19236,2443
19236,2444
35318,4196
35318,2654
35318,109
35318,2645
92,1335
92,1321
92,21
92,3474
92,4138
92,2756
92,2758
92,3767
25990,1716
25990,227
25990,1359
25990,611
70911,1271
70911,4523
70911,3977
70911,1268
38033,2575
38033,309
38033,1854
38033,1887
38033,354
38033,2277
38033,2278
38033,2280
38033,3944
38033,494
28032,1309
28032,2937
28032,3277
28032,20
3380,3971
3380,2410
3380,2969
3380,1512
3380,4634
3380,1236
3380,2185
3380,1646
3380,2560
17052,3855
17052,2514
17052,3785
17052,2008
23130,4316
23130,2548
23130,3159
10366,1588
10366,1655
10366,687
10366,4768
17038,2875
17038,3632
17038,3172
17038,4456
17038,206
34950,4505
34950,1980
34950,2027
34950,2544
11646,4276
11646,2559
11646,4627
11646,877
9336,849
9336,646
9336,4551
9336,2046
9066,4404
9066,237
9066,752
9066,1071
6162,1015
6162,1481
6162,1224
6162,2481
27593,2819
27593,5
27593,4026
63805,3358
63805,3628
63805,316
63805,843
63805,3646
63805,378
63805,2086
14689,3456
14689,1732
14689,4512
14689,3074
32320,4238
32320,222
32320,3390
32320,1545
23089,4289
23089,4434
23089,3761
14797,1657
14797,3077
14797,1595
11630,2669
11630,417
11630,3710
11630,612
11630,1154
11630,407
14799,1595
14799,1837
14799,3077
14799,1597
5862,3838
5862,2116
5862,937
5862,4424
42521,3589
42521,4611
42521,2728
42521,2584
42521,3694
42521,759
42521,604
42521,3614
42521,3789
42521,3518
23076,4434
23076,4319
23076,2567
23076,4442
10087,598
10087,1443
10087,1023
10087,1658
10087,125
2935,1091
2935,3449
2935,3184
2935,1742
2935,2853
2935,3038
2935,4689
2935,4707
12853,4456
12853,1452
12853,3632
12853,19
6963,617
6963,2423
6963,663
6963,3085
40401,1033
40401,2366
40401,4253
40401,2506
40401,312
40401,1884
40401,4233
40401,2905
40401,3962
6348,139
6348,1270
6348,3041
6348,1693
7995,3041
7995,739
7995,2315
7995,936
21350,4537
21350,3639
21350,1551
145417,1736
145417,697
145417,4725
145417,4287
145417,1735
145417,1885
145417,2838
145417,4292
145417,2554
145417,1747
145417,4688
145417,4083
145417,2391
145417,4727
12555,66
12555,3338
12555,1386
12555,629
12555,623
12555,1934
6737,3326
6737,4608
6737,3495
6737,389
2100,2745
2100,2290
2100,203
2100,1412
2100,4499
2100,1377
2100,322
2100,194
2100,4488
198837,1175
198837,3691
198837,765
198837,3438
198837,1645
198837,2252
198837,2395
198837,401
198837,862
198837,439
26150,165
26150,965
26150,2852
5575,2216
5575,963
5575,1132
2005,23
2005,2022
2005,340
2005,96
2005,9
2005,1997
2005,1820
2005,196
43601,2800
43601,3103
43601,769
43601,2919
43601,2847
43601,2631
43601,619
43601,2298
43601,1300
43601,3787
26479,63
26479,3110
26479,1170
26479,2357
26479,3024
26479,2108
26479,419
26479,3511
26479,1950
26479,524
26479,3876
26479,3102
26479,901
26479,1273
31557,1792
31557,3276
31557,3631
31557,3336
14414,4380
14414,2102
14414,804
14414,768
27963,48
27963,4279
27963,2516
27963,4120
18177,2135
18177,4039
18177,4672
18177,3356
18177,1484
18177,2247
18177,2205
18177,2245
18177,25
18177,2195
18177,3357
18177,3236
18177,4371
18177,2023
18177,1118
18177,4354
18177,318
18177,411
18177,2513
18177,3532
18177,986
4676,1966
4676,1270
4676,2206
4676,784
4676,635
4676,2162
4676,1025
4676,949
4676,1062
1151,751
1151,647
1151,1720
1151,2030
1151,1430
1151,3480
1151,4673
1151,1905
1151,2448
22441,1132
22441,3077
22441,2686
22441,2029
22441,2620
18052,685
18052,2379
18052,4447
18052,1439
24533,3448
24533,2099
24533,3888
24533,3416
22452,1489
22452,1661
22452,3731
22452,4219
22452,1948
6674,3543
6674,3670
6674,1929
6674,1482
6697,2581
6697,2214
6697,2318
6697,4009
6697,3825
6697,4240
6697,825
6697,2408
6697,2250
6697,4337
7803,3632
7803,3974
7803,3492
7803,3060
22618,4544
22618,1452
22618,3410
22618,85
22618,3434
27811,2484
27811,347
27811,50
14151,1269
14151,553
14151,1766
14151,1291
25706,1297
25706,177
25706,1865
25706,2306
25706,4330
16190,4565
16190,503
17617,2134
17617,2597
17617,1043
17617,3395
17617,3333
4573,79
4573,262
4573,299
4573,4
2314,3942
2314,351
2314,1516
1119,1580
1119,3013
1119,3617
1119,2236
1119,535
1119,1356
1119,3928
1119,3959
1119,1220
1119,3528
7309,3856
7309,1279
7309,763
7309,3077
7309,12
7309,4597
7309,4385
7309,3135
7309,988
2645,2072
2645,2342
2645,21
2645,3141
2645,3172
2645,3274
2645,2062
2645,3218
2645,438
2645,748
2645,1803
2645,3529
2645,1384
5641,4606
5641,3938
5641,409
5641,1537
20953,3077
20953,480
20953,363
20953,4427
5399,92
5399,4643
5399,1906
5399,4081
3317,1588
3317,1655
3317,687
3317,4768
3317,2886
3317,3726
3317,2739
3317,1067
6428,561
6428,4275
6428,3953
39138,35
39138,3045
39138,3918
24313,697
24313,4082
24313,691
24313,2553
24313,1812
4108,1730
4108,3241
4108,2440
4108,663
4108,1084
4108,567
4108,3845
32545,2885
32545,3194
32545,3885
32545,3870
10610,89
10610,2583
10610,4195
10610,4025
22223,712
22223,613
22223,4269
22223,3168
22223,4532
22223,565
22223,952
22223,2861
22223,546
22223,2095
296,1270
296,3865
296,3956
296,2635
296,3500
296,2416
296,2965
296,2263
27930,765
27930,1743
27930,3283
27930,2036
27930,3201
27930,2754
27930,519
27930,285
27930,2900
27930,3814
27930,3148
27946,4608
27946,2064
27946,3589
27946,2501
27946,1464
4114,4648
4114,4405
4114,518
4114,2499
4114,926
4114,2158
4114,4205
4114,896
4114,424
4114,3152
3303,4436
3303,87
3303,361
3303,3930
3303,4654
3303,1206
3303,3663
3303,3659
3303,2958
3303,589
3303,88
12337,2985
12337,2231
12337,3999
12337,567
15344,561
15344,2433
15344,1404
27801,177
27801,1505
27801,779
27801,3273
1870,3581
1870,787
1870,1463
1870,1943
1870,1652
1870,2590
1870,3525
1870,728
1870,3351
1870,2233
1870,469
1870,2204
1870,3616
1870,1351
1870,3697
8812,1307
8812,2073
8812,2862
21195,3066
21195,2099
21195,2632
21195,4746
75306,18
2326,373
2326,38
2326,2494
2326,1843
2326,46
2326,3982
2326,475
2326,135
2326,369
67251,3910
67251,4271
67251,3026
67251,3079
67251,220
67251,2850
67251,1128
67251,3647
67251,482
67251,3526
11242,86
11242,4065
11242,1078
11242,585
2872,1468
2872,3580
2872,3009
2872,4335
2872,768
2872,2818
2872,2475
2872,3806
2872,2668
2872,855
10891,184
10891,1911
10891,4377
10891,2337
10891,3053
10891,707
24590,4039
24590,4377
24590,2488
24590,2606
24590,2878
24590,2597
24590,2490
24590,4397
24590,1172
24590,4181
24590,191
24590,10
24590,3864
10604,2182
10604,4504
10604,3866
10604,4638
4750,1588
4750,1655
4750,687
4750,145
4750,2886
11166,512
11166,2056
11166,4679
11166,4415
11270,2115
11270,1469
11270,1689
11270,385
25278,530
25278,1499
25278,171
25278,2604
2959,4643
2959,1065
2959,122
2959,4411
2959,1040
2959,853
2959,14
2959,3735
2959,4325
86054,4271
86054,1896
86054,1426
86054,3652
86054,3075
86054,1501
86054,1528
27909,4434
27909,4699
27909,4321
27909,1226
10599,1947
10599,1014
10599,3841
11168,1461
11168,3587
11168,3051
11168,3052
46666,1654
46666,2173
46666,2291
46666,666
46666,3185
38120,1654
38120,3217
38120,466
38120,3396
38120,4625
38120,3187
66651,4248
66651,3554
66651,502
66651,3093
66651,2541
42207,599
42207,2790
42207,4549
42207,1457
42207,2211
42207,3994
68878,2469
68878,4082
68878,4722
68878,4750
68878,49
68878,1676
68878,3722
68878,1757
68878,2453
68878,59
15818,134
15818,3239
15818,3265
15818,167
15818,3025
7829,4648
7829,4633
7829,2238
7829,2248
7829,911
7829,865
7829,907
7829,4213
45346,95
45346,294
45346,2034
45346,594
45346,3880
42569,1156
42569,4716
42569,962
42569,967
42569,1621
27936,3174
27936,2020
27936,2830
27936,1498
12428,1956
12428,1238
12428,3882
12428,4622
33004,4743
33004,1847
33004,2077
33004,1936
15566,2076
15566,320
15566,3645
15566,2910
8443,2163
8443,2213
8443,3450
8159,2745
8159,1410
8159,1375
8159,581
7719,1467
7719,828
7719,764
7719,4531
15923,4099
15923,3670
15923,2561
15923,3147
3731,1815
3731,3858
3731,4322
3731,395
3731,1971
3731,3422
12736,4180
12736,451
12736,328
12736,2793
12736,2739
2946,1584
2946,3920
2946,2689
2946,4501
2946,4416
2946,4335
2946,2222
2946,676
2946,625
2946,950
2946,4631
1068,1464
1068,1298
1068,3937
1068,2866
1068,4423
1068,1415
1068,462
1068,1052
1068,236
32765,801
32765,4383
32765,2945
32765,138
32765,1142
32765,2945
32765,138
32765,1181
32765,1333
32765,683
32765,747
32765,3566
27886,621
27886,1388
27886,849
27886,1483
12309,4101
12309,1789
12309,3933
12309,3466
12309,1627
12309,1628
15887,1422
15887,1022
15887,3780
15887,3237
178441,1566
178441,1081
178441,4241
178441,3503
178441,889
178441,4265
178441,452
178441,2246
178441,2009
178441,3098
178441,2234
178441,2141
178441,2198
178441,123
178441,1923
3497,4456
3497,4552
3497,1151
3497,4748
3497,3176
3497,3766
3497,3661
3497,2926
3497,674
3497,4151
74514,3689
74514,2362
74514,2319
74514,2435
74514,1881
74514,1610
74514,3214
74514,2798
74514,1880
74514,3685
46204,4105
46204,2458
46204,3762
46204,2568
46204,4047
46204,4751
46204,2538
46204,47
46204,1758
46204,1821
182522,4670
182522,4328
182522,1939
2915,765
2915,3510
2915,3832
2915,1920
2915,1394
2915,3520
2915,2589
2915,539
2915,1358
1926,2997
1926,4671
1926,3112
1926,226
1926,735
1926,4203
1926,1578
1926,2168
1926,68
1926,4003
42570,1232
42570,2126
42570,2142
42570,4236
42570,31
42570,4058
42570,4059
42570,2114
46285,2879
46285,4724
46285,36
46285,2270
46285,602
46285,1200
46285,2360
46285,2314
46285,1683
46285,1594
7981,2742
7981,2049
7981,4258
7981,4566
7981,2355
198268,4620
198268,1632
129219,554
129219,3155
129219,2733
129219,4556
129219,124
129219,2787
129219,3666
129219,4459
129219,925
129219,3872
38271,3506
38271,2480
38271,601
38271,2788
38271,2427
38271,4035
38271,4185
38271,3019
38271,2977
38271,1554
86793,1187
86793,3047
86793,3289
86793,716
86793,2074
86793,3490
86793,3681
86793,4558
86793,3859
162791,4320
162791,4344
162791,4699
162791,3947
162791,2552
162791,1872
162791,2530
162791,1094
162791,415
162791,4251
62164,3585
62164,1720
62164,2210
62164,3004
62164,1966
62164,2251
27775,4761
27775,1699
27775,3161
27775,3901
141299,1959
141299,826
141299,489
141299,148
32549,2724
32549,3021
32549,3417
32549,329
43271,4286
43271,1741
43271,3988
43271,4739
43271,1760
43271,4313
43271,4272
43271,4753
43271,2849
43271,313
198148,4620
198148,1942
198148,4391
13293,3838
13293,4093
13293,2179
13293,1972
2575,2625
2575,3874
2575,4624
2575,4372
2575,2703
2575,2543
2575,3314
2575,3419
2575,1697
2575,4379
15081,3305
15081,40
15081,39
39238,3916
39238,733
39238,859
39238,1315
20485,3477
20485,1540
20485,4465
20485,91
20485,620
20485,1145
20485,1805
20485,4169
20485,4077
20485,548
20485,307
20485,756
20485,1340
20485,4463
20485,2578
28503,4422
28503,210
28503,2462
28503,678
7143,1796
7143,3012
7143,3594
7143,4128
43179,2931
43179,2812
30541,2081
30541,2696
30541,3753
30541,207
30541,431
33634,1213
33634,3939
33634,4143
33634,1063
43817,677
43817,4702
43817,4419
43817,4293
43817,4422
43817,693
33620,3336
33620,1940
33620,3923
33620,292
28290,3032
28290,3772
28290,2835
28290,4740
28290,4602
26152,3039
26152,4082
26152,4434
26152,4709
26152,4289
41286,3560
41286,1998
41286,244
41286,2024
41286,2996
41286,3562
41286,4190
41286,2150
41286,802
41286,1886
198967,4620
198967,2687
198967,3745
198967,3126
198967,2307
198967,724
198967,781
198955,4620
198955,2284
198955,1479
37004,222
37004,2819
37004,2037
76362,1612
76362,609
76362,3508
76362,3173
76362,1153
76362,2063
76362,4268
76362,3824
76362,2678
76362,3166
17510,1282
17510,818
17510,827
55816,2207
55816,525
55816,1397
55816,3894
1889,3856
1889,4630
1889,149
1889,916
1889,2294
1889,2172
1889,4192
1889,3790
1889,3519
49767,2712
49767,3653
49767,966
49767,2079
49767,423
49767,1218
49767,2609
49767,1398
49767,1842
49767,4681
28531,4184
28531,2102
28531,4243
28531,574
28531,3354
29853,4239
29853,3539
29853,468
29853,2285
20820,2099
20820,3454
20820,1710
20820,2934
5632,1026
5632,1729
5632,2428
2554,1132
2554,3077
2554,2686
2554,2029
2554,2620
2554,2520
2554,4647
2554,404
39319,1579
39319,1029
39319,4171
2313,3942
2313,351
2313,1516
2313,128
2313,441
2313,3545
2313,3843
2313,1637
2313,1476
60321,3231
60321,634
60321,812
60321,1800
60321,564
52623,4249
52623,2829
52623,2347
52623,3151
52623,4167
52623,4332
52623,3115
52623,957
36780,648
36780,1074
36780,2984
36780,3636
6535,2177
6535,284
6535,4033
6535,282
6535,2417
6535,1367
6535,2925
6535,2109
6535,2613
6535,2612
6535,3889
6535,662
6535,705
6535,1672
6535,806
21137,765
21137,1507
21137,1125
461,2985
461,1155
461,2556
461,1638
461,3917
461,1638
461,3760
204266,1798
204266,3230
204266,4728
3610,2491
3610,4037
3610,3838
3610,208
3610,660
3610,3795
3610,1909
3610,511
3610,3498
3610,472
31621,2653
31621,4626
31621,4662
31621,3275
31621,1816
31621,2843
31621,3162
31621,508
31621,255
9774,1500
9774,262
9774,3672
9774,3544
29414,1877
29414,2377
29414,1303
29414,3294
29414,1617
29414,1680
29414,496
29414,41
72005,1143
72005,219
72005,3571
72005,2946
72005,3916
72005,2770
72005,380
72005,4135
72005,2183
72005,214
22161,470
22161,1324
22161,1955
22161,4028
1635,4593
1635,3635
1635,785
1635,501
1635,904
1635,3016
1635,1225
1635,742
1635,332
27799,360
27799,1796
27799,1065
27799,3931
6764,1085
6764,3553
6764,2374
6764,3676
6773,3860
6773,3937
6773,3802
6773,2731
32530,2363
32530,4777
32530,4365
32530,1611
4113,4671
4113,2941
4113,941
4113,3110
4113,3145
4113,267
4113,2404
4113,3146
4113,4520
4113,4389
4113,1695
3133,4394
3133,3149
3133,362
3133,93
3133,1944
3133,2180
3133,932
3133,4426
3133,2333
3134,1951
3134,3326
3134,3990
3134,2132
3134,230
3134,789
3134,4644
3134,3878
3134,929
3134,1088
27826,4434
27826,4289
27826,2529
27826,2454
5468,281
5468,906
5468,4114
299,1006
299,1947
299,569
299,3849
299,4411
299,1664
299,3804
299,3593
6355,4180
6355,2423
6355,2764
6355,2448
54331,2303
54331,2684
54331,1296
54331,3027
54331,3567
54331,3029
54331,2968
54331,304
54331,3568
54331,4440
13722,909
13722,3006
13722,3470
13722,3608
13722,3091
13722,3149
13722,771
39213,3886
39213,2380
39213,4173
39213,217
39213,1460
39213,3576
39213,860
49788,4331
49788,1864
49788,174
49788,2601
49788,595
47436,3350
47436,597
47436,2930
47436,2858
47436,2722
47436,173
47436,3573
47436,2267
47436,1164
47436,2752
48553,706
48553,4743
48553,4149
3379,3592
3379,3044
3379,956
3379,2969
3379,3136
3379,3592
3379,2560
3379,3976
34985,2621
34985,679
34985,3415
9065,441
9065,2674
9065,4595
83542,3193
83542,302
83542,296
83542,1286
83542,2780
83542,3028
83542,3195
83542,16
83542,3504
83542,1852
118,3149
118,2055
118,3368
118,4629
118,526
118,467
118,3913
23132,4121
23132,3773
23132,2349
23132,4319
41843,3609
41843,1987
41843,4568
41843,300
41843,2152
41843,4526
41843,2002
41843,3228
41843,2274
41843,3003
5866,2608
5866,2164
5866,1494
19745,1001
19745,3823
19745,3291
19745,3862
19745,3524
19745,3121
19745,1233
19745,875
19745,2899
19745,4503
19745,3266
19745,4487
140191,3609
140191,1984
140191,4496
140191,4765
140191,3247
140191,2281
140191,4577
140191,2000
140191,1369
140191,2279
140191,4766
140191,2001
14663,1110
14663,2655
14663,3377
14657,4114
14657,1911
14657,2736
25960,1037
25960,2574
25960,3209
25960,3319
57575,4073
57575,960
57575,310
57575,4525
57575,160
57575,695
57575,4475
57575,101
57575,1819
57575,870
5968,3133
5968,723
5968,2616
5968,798
49,1720
49,825
49,4596
49,978
49,1356
49,1080
49,1413
49,2588
65050,4160
65050,1785
65050,934
65050,2923
65050,935
65050,1244
65050,1624
65050,3719
65050,4575
57098,319
57098,3612
57098,3484
57098,182
23277,2867
23277,3409
23277,3903
23277,2061
23277,1451
193277,3329
193277,3330
193277,1301
193277,4682
193277,3332
193277,259
193277,3327
193277,104
193277,3430
193277,103
57416,4055
57416,3342
57416,4053
57416,4011
28049,1405
28049,4606
28049,2698
28049,2353
57243,142
57243,954
57243,3464
57243,4557
57243,4163
57243,2877
23280,2356
23280,1148
23280,4482
23280,1438
16942,1327
16942,2771
16942,306
16942,600
23291,4191
23291,1365
23291,1666
23291,1109
23291,1221
15286,3287
15286,1488
15286,987
15286,1945
15286,4182
15286,3418
23307,582
23307,2065
23307,3854
23307,2824
14064,4000
14064,2340
14064,2371
14064,673
23086,2049
23086,4150
23086,1294
23086,2343
52298,1139
52298,1635
52298,364
52298,3080
52298,3308
52298,479
52298,1288
52298,1311
52298,638
52298,3840
28121,583
28121,1552
28121,3269
28121,189
5274,3696
5274,4555
5274,1696
5274,1927
5274,269
5274,979
5274,2515
5274,2406
5274,2012
38133,114
38133,522
38133,3261
38133,4656
38133,1496
38133,947
38133,1902
38133,820
38133,4351
38133,1576
3373,2969
3373,3976
3373,3136
3373,2410
3373,3971
3373,1646
3373,1512
3373,4634
3373,2368
27156,2414
27156,3706
27156,3584
27156,1663
26064,1937
26064,2090
26064,29
26064,64
43942,654
43942,4620
10362,3448
10362,3820
10362,1251
10362,580
23048,1839
23048,179
23048,3160
157227,4694
157227,4696
157227,4719
157227,730
157227,4614
28162,105
28162,4070
28162,4562
28162,3690
4581,909
4581,882
4581,1305
4581,2066
6119,1365
6119,3995
6119,1283
6119,3658
774,2502
774,906
774,3736
774,762
774,1721
774,1285
774,390
774,4154
774,1009
774,137
774,70
13424,983
13424,1608
13424,2010
13424,1017
25320,1620
25320,1634
25320,394
25320,1568
21007,1199
21007,2710
21007,459
21007,1597
31480,3192
31480,3565
31480,4062
31480,2304
6439,3336
6439,1613
8257,2099
8257,3066
8257,1499
8257,4703
176391,3564
176391,3341
176391,3486
176391,1267
176391,1778
176391,3090
176391,133
176391,2972
176391,4735
2707,3660
2707,4266
2707,2782
2707,4025
2707,590
2707,164
2707,3770
2707,1075
2707,3788
20363,1159
20363,1262
20363,273
20363,3440
14337,559
14337,2066
14337,905
14337,4113
55780,1478
55780,1223
55780,808
55780,3015
55780,1912
55780,3625
55780,4538
55780,453
55780,251
55780,3064
32802,1598
32802,1790
32802,4770
13384,1324
13384,4209
13384,3601
13384,4642
44658,2714
44658,4072
44658,4574
44658,4524
44658,2510
44658,3431
44658,4071
44658,1850
44658,180
44658,301
14923,2420
14923,4066
14923,3668
3834,1026
3834,2331
3834,4159
3834,251
3834,644
3834,4274
3834,513
3834,4435
3834,3398
44656,4072
44656,4574
44656,2714
44656,506
44656,4524
44656,2510
44656,4067
44656,1850
44656,180
44656,301
11522,1389
11522,476
11522,1465
11522,1130
6138,3569
6138,2206
6138,442
26600,393
26600,2243
26600,1894
26600,186
27887,621
27887,3388
27887,271
27887,2864
27887,1134
128373,813
128373,2131
128373,1031
128373,1442
128373,1941
128373,3813
9023,4552
9023,626
9023,1520
9023,1176
9023,2917
9023,393
9023,591
25034,697
25034,4082
25034,1827
25034,1882
25034,4327
8069,4149
8069,4065
8069,744
8069,1451
16012,272
16012,1382
16012,3624
57522,4282
57522,4693
57522,4060
57522,4019
57522,1801
2427,930
2427,1053
2427,2735
2427,4374
2427,1932
2427,1462
2427,2765
2427,664
2427,4115
6180,4221
6180,2016
6180,3100
6180,1106
43203,346
43203,3257
43203,4342
43203,3092
43203,918
43203,1740
30528,971
30528,2657
30528,4467
30528,2630
20173,2555
20173,3978
20173,1749
38578,1935
38578,2091
38578,2865
38578,406
38578,1435
38578,547
38578,887
38578,3968
38578,2059
38578,2792
24885,4104
24885,2508
24885,1827
24885,2451
24885,697
43243,1169
43243,1177
43243,4507
43243,2856
43243,3746
43243,3701
43243,3674
43243,127
43243,1876
43243,4674
6094,1796
6094,352
6094,4643
6094,2989
6239,1966
6239,2890
6239,1354
6239,1287
11778,113
11778,2725
11778,4445
39496,510
39496,1115
39496,942
39496,3203
39496,370
39496,4004
39496,834
39496,4369
39496,3125
39496,3882
39496,715
39496,3300
39496,922
3994,1138
3994,3386
3994,4207
3994,2982
3994,1721
3994,873
3994,2133
3994,4609
3994,2155
3994,324
43167,4576
43167,2526
43167,4781
43167,847
43167,1174
43167,2870
43167,1993
43167,2003
43167,3562
43167,2396
12698,4399
12698,1257
12698,1123
12698,4144
5717,246
5717,3983
5717,204
5717,1609
39503,1814
39503,2311
39503,1630
39503,2995
39503,30
39503,1373
39503,3215
39503,2994
39503,155
39503,1546
10764,264
10764,1038
10764,2424
10764,4637
69215,4474
69215,4092
69215,478
69215,4166
69215,3391
69215,3679
69215,4235
69215,3720
69215,458
69215,2577
19027,2707
19027,4285
19027,3461
20836,2460
20836,3915
20836,2403
20836,386
20836,1505
20836,147
14561,561
14561,3325
14561,562
14561,2289
20870,81
20870,4111
20870,3696
20870,1802
20144,3389
20144,3481
20144,4454
20144,4306
20144,2255
20144,246
20144,1522
20144,1519
20144,1474
20144,3071
20144,4466
12742,4377
12742,3283
12742,1970
12742,487
12742,4651
12742,738
12742,1527
12742,2981
12742,1969
12742,2104
12742,2586
12742,3345
12742,523
27883,3465
3265,2622
3265,2976
3265,3834
3265,491
3265,2465
3265,4225
3265,4131
3265,4064
3265,659
3265,67
19591,584
19591,2753
19591,915
19591,2615
19591,2918
10680,4139
10680,4552
10680,3700
10680,675
10680,1007
10680,3359
10680,22
10680,2667
10680,2918
10680,913
10680,2944
10680,2909
141139,4720
141139,2498
141139,2500
141139,4103
141139,4683
141139,3233
141139,3963
141139,3311
10686,621
10686,2067
10686,3172
10686,1471
2101,4780
2101,257
2101,1991
2101,4304
2101,2906
2101,3686
2101,1824
2101,4787
9668,1612
9668,3838
9668,559
9668,4207
9668,983
9668,139
9668,4195
9668,2595
9668,4618
9668,1136
9668,245
9668,3909
9668,4193
9668,1325
9668,249
9668,3478
9668,3555
9668,1519
9668,308
9668,2713
9668,2922
9668,3873
9668,2305
9668,3671
9668,3515
23116,1573
23116,3718
23116,311
23116,3538
27839,2806
27839,3039
27839,4273
27839,3986
22974,4013
22974,3065
22974,1250
22974,980
25992,1716
25992,3992
25992,227
25992,3406
4586,1961
4586,2328
4586,1901
4586,645
28232,4237
28232,4231
28232,2128
28232,2144
46083,381
46083,4270
46083,3687
46083,852
46083,2594
46083,2113
46083,2361
81476,4100
81476,4473
81476,4697
81476,1751
81476,2352
81476,52
81476,2522
81476,1420
81476,56
81476,2505
81476,51
81476,4418
81476,2569
81476,3989
81476,1752
81476,2386
22795,387
22795,1559
22795,1277
22795,1054
22742,2683
22742,4508
22742,2665
22742,1797
27981,3942
27981,1602
27981,571
27981,3452
15366,1060
15366,544
15366,3459
15366,1050
15366,3596
1086,637
1086,4439
1086,809
1086,4189
1086,2310
1086,1252
1086,2975
2774,2064
2774,2081
2774,1708
2774,4489
2774,833
2774,3890
2774,746
2774,2677
2774,3170
2774,2089
2774,2078
17570,3810
17570,2058
17570,4345
17570,3808
17570,3893
45934,4519
45934,1061
45934,355
45934,428
12312,1467
12312,4516
12312,4594
12312,3443
1463,648
1463,1074
1463,4261
1463,2748
1463,1718
1463,4412
1463,75
1463,1926
43758,4076
43758,817
43758,1215
43758,3442
43758,3778
43758,4701
43758,3424
43758,2268
43758,839
43758,2778
41196,1892
41196,1985
41196,2148
41196,3557
41196,2399
41196,1243
41196,2004
41196,4763
41196,3224
41196,1700
17699,1284
17699,1977
17699,4300
17699,455
7074,324
7074,2690
7074,3120
7074,3552
7074,527
7074,2582
7074,448
7074,464
5226,673
5226,2691
5226,3883
9502,359
9502,868
9502,2611
9502,3007
70397,4186
70397,2610
70397,430
15309,1622
15309,4669
15309,3472
15309,4226
23284,621
23284,2212
23284,3513
23284,4748
3553,3379
3553,4478
3553,3381
3553,1253
3553,4201
3553,969
3553,4481
3553,1851
3553,195
8577,1679
8577,3142
8577,4378
8577,4209
8577,707
7553,2120
7553,2547
7553,1256
7642,1178
7642,4245
7642,4085
23257,3448
23257,3475
23257,3826
23257,3501
23257,3149
7519,1966
7519,1006
7519,837
7519,515
10514,4037
10514,1662
10514,1806
28054,1195
28054,3056
28054,2821
28054,639
11252,3937
11252,543
11252,1334
11252,166
11252,3715
8562,1783
8562,2080
8562,3366
42594,2464
42594,4091
42594,3546
42594,3347
42594,874
42594,1124
42594,627
42594,4658
42594,2269
42594,4038
46352,1736
46352,3256
46352,2567
46352,689
46352,2350
46352,1102
46352,2551
46352,690
46352,1761
46352,2483
4338,610
4338,1393
4338,3708
33191,782
33191,3021
33191,2348
33191,3432
33191,513
33191,639
33191,4224
33191,3997
33191,1495
33191,2291
2119,673
2119,4723
2119,266
2119,1085
2119,4747
2119,912
2119,2208
2119,635
2119,3385
2119,2991
2119,2320
2119,4531
2119,2199
74386,2376
74386,3630
74386,19
74386,3264
74386,607
74386,187
74386,4090
74386,2846
74386,1639
74386,3220
5088,1949
5088,2540
5088,486
5088,3807
5088,2439
5088,694
5088,2030
5088,3692
5088,2786
5088,2191
5088,3796
5088,3049
5088,3819
5088,1904
5088,1163
5088,1667
14016,1491
14016,2832
14016,436
23624,4164
23624,3281
23624,42
23624,3964
70767,4361
70767,1237
70767,840
70767,711
70767,190
70767,4346
27834,3253
27834,4434
27834,3234
27834,2381
27834,4289
2699,1467
2699,791
2699,2097
2699,4531
2699,3022
2699,3730
2699,1466
2699,3750
2699,867
14346,2898
14346,1634
14346,1853
14346,1239
3805,1278
3805,3827
3805,538
3805,1357
3805,3998
3805,3398
3805,4210
3805,1953
2900,2987
2900,2620
2900,3881
2900,2412
2900,1238
2900,3494
2900,2628
2900,1968
24280,1087
24280,3620
24280,402
24280,3921
24280,254
4941,3912
4941,2013
4941,1084
4941,4357
11445,765
11445,1520
11445,2929
11445,2273
11445,4667
11445,4132
11445,2300
11445,2895
11445,841
11445,422
11445,2957
11445,541
11445,90
36852,3446
36852,1385
36852,4486
36852,981
36852,1530
36852,2750
9191,3174
9191,655
9191,2874
37662,836
37662,3523
37662,2492
37662,731
37662,958
37662,3948
37662,3716
37662,2489
37662,778
37662,4529
18088,1657
18088,1837
18088,2710
18088,2407
18088,183
18088,1828
18088,1199
18088,1706
18088,1477
18088,1834
1872,741
1872,1686
1872,3453
1872,1287
1872,1246
1872,4133
1872,3335
1872,4566
7038,3855
7038,4239
7038,333
36930,2295
36930,2032
36930,4417
36930,2463
36930,4672
36930,1444
36930,4340
36930,398
36930,3884
36930,449
36930,175
36930,2519
42288,4756
42288,2942
11473,4174
11473,2875
11473,2249
11473,1379
45557,1736
45557,4741
45557,3255
45557,4726
45557,3188
45557,45
45557,4752
45557,2446
45557,1762
45557,2551
11138,3298
11138,4649
11138,3058
11138,3321
11492,1946
11492,3550
11492,2603
31663,2591
31663,4259
31663,1135
31663,3268
9406,836
9406,2817
9406,3949
9406,4623
12938,2423
12938,617
12938,1008
12938,2659
21514,1913
21514,672
21514,2096
21514,2321
16153,1
16153,2833
16153,3286
27828,4434
27828,4741
27828,697
27828,2508
10796,2007
10796,3150
10796,1526
10796,4246
15408,2666
15408,1564
15408,2662
15408,4771
15408,4772
15408,3392
3320,2976
3320,1661
3320,615
3320,3586
3320,92
3320,280
3320,2479
3320,3597
3320,893
3320,3613
3320,4096
3320,1917
36834,4459
36834,4043
36834,3008
36834,4460
36834,4358
36834,1648
36834,3054
70139,3114
70139,3590
14931,963
14931,1837
14931,1703
14931,671
14684,673
14684,710
14684,2334
14684,722
14684,3437
25942,1131
25942,1331
25942,69
25942,1122
25942,356
44144,1799
44144,2354
44144,4086
44144,4088
44144,4283
27814,4711
27814,2446
27814,1226
27814,4119
1903,4180
1903,2423
1903,4395
1903,2050
1903,2329
1903,899
1903,1769
1903,1247
1903,740
71881,1895
71881,3243
71881,1818
71881,3372
71881,2580
71881,4774
71881,811
71881,3598
71881,902
71881,1201
27817,2468
27817,3773
27817,700
2736,4023
2736,3855
2736,2237
2736,4439
2736,721
2736,2638
2736,400
2736,2936
2736,336
2736,1254
8871,559
8871,2896
8457,1480
8457,1248
8457,766
8457,1392
1790,2077
1790,4195
1790,983
1790,3646
1790,1452
1790,1185
1790,1318
1790,2305
1790,4749
1790,112
1790,3222
1790,1550
14448,2254
14448,2997
14448,4022
14448,3497
14448,463
14448,2106
14448,1423
14448,4530
14448,3204
14448,2705
14448,2345
10928,4422
10928,2672
10928,2664
10928,4676
10928,1441
4605,2201
4605,4129
4605,1922
4605,2430
38285,2740
38285,2600
38285,772
38285,4569
25782,185
25782,3389
25782,1533
25782,1337
25782,732
27794,2952
27794,146
27794,3518
27794,4655
27794,4336
27794,1090
27794,2138
27794,1596
27794,2209
27794,3836
1595,399
1595,989
1595,1012
1595,1781
1595,1347
1595,4325
1595,1779
1595,270
1595,13
26219,3292
26219,1076
26219,2869
26219,1293
8962,2081
8962,4065
8962,2048
8962,1259
14798,3077
14798,1837
14798,1595
14798,459
38477,2980
38477,3279
38477,4522
38477,2719
38477,2717
38477,2718
25701,791
25701,3817
25701,558
25701,2068
25701,3512
4550,1966
4550,749
4550,2041
4550,1079
4550,4357
26197,3292
26197,1076
26197,2869
26197,1293
8400,3561
8400,960
8400,1112
44308,1020
44308,1841
44308,3271
44308,141
44308,1021
44308,3229
44308,3196
44308,1030
44308,3833
44308,822
1520,1914
1520,1279
1520,2226
1520,3907
1520,3577
1520,2223
1520,866
1520,943
1520,3936
142155,1654
142155,2173
142155,537
142155,1957
142155,1681
142155,2288
142155,3493
8386,4671
8386,941
8386,1653
1748,2875
1748,3769
1748,276
1748,1431
1748,1313
1748,431
1748,3704
1748,1386
1748,4554
25520,2367
25520,277
25520,2949
25520,1873
25520,1755
25607,3979
25607,4063
25607,3641
25607,2904
2783,2524
2783,751
2783,2302
2783,3191
2783,3535
2783,1793
2783,1572
2783,3579
2783,894
2783,3227
44485,4320
44485,3211
44485,2563
44485,3210
44485,1092
44485,3234
44485,1737
44485,2552
44485,1226
44485,1096
70585,327
70585,3331
70585,869
70585,2511
70585,504
70585,4734
14730,2077
14730,2070
14730,3046
14730,555
14730,4745
8912,1070
8912,3057
8912,2239
8912,3326
25732,993
25732,573
25732,819
25732,803
43466,4311
43466,3784
43466,938
43466,420
43466,1272
43466,4006
43466,343
43466,377
43466,460
43466,3771
65128,4277
65128,3728
65128,4368
65128,4200
65128,921
65128,1705
65128,2418
65128,1656
65128,4278
65128,2947
23104,3768
23104,2913
23104,1207
23104,1323
23104,4454
10511,286
10511,2099
10511,3911
10511,3448
10511,1147
10511,4255
10511,53
10511,2816
10511,325
10511,1294
10511,3141
10511,3069
7303,4152
7303,4097
7303,2019
7303,3844
5287,2514
5287,1106
5287,4636
5287,1490
5287,1770
756,617
756,2041
756,3792
756,3820
756,4357
756,150
756,4133
756,4515
756,2200
17399,1703
17399,3911
17399,4139
17399,4464
17399,4439
17399,1704
17399,3410
17399,1510
28167,501
28167,3104
28167,657
28167,3741
28167,2675
28167,1204
28167,1240
28167,1561
28167,1150
28185,2768
28185,3190
28185,241
28185,4782
28193,3992
28193,1716
28193,3137
28193,3992
28193,3136
31744,561
31744,4401
31744,1205
31744,4400
31744,2964
7243,3167
7243,3238
7243,4353
7243,4012
7243,3489
22798,2652
22798,3020
22798,1332
231,885
231,3682
231,3156
231,775
231,1809
231,3603
231,71
231,2334
231,4559
12121,4737
12121,3259
55454,27
55454,550
55454,418
55454,3791
55454,1044
55454,2766
55454,2101
55454,1263
55454,1456
55454,4122
22705,25
22705,4355
22705,1157
22705,1046
22701,4068
22701,2971
22701,2646
22701,238
40284,4247
40284,4460
40284,557
40284,2271
40284,2967
40284,2021
40284,3138
40284,1938
40284,4198
40284,4042
22669,4462
22669,2791
22669,403
22669,1883
11639,3389
11639,1329
11639,2908
11639,2920
11332,86
11332,4139
11332,451
11332,2286
6182,63
6182,4216
6182,3178
6182,3853
6182,3018
6182,3853
6182,3240
6182,1257
6182,3548
6182,1660
9884,1857
9884,2077
9884,2087
9884,1416
13192,703
13192,3991
13192,856
13192,2478
7492,486
7492,4491
7492,1191
7492,3346
7492,3521
7492,2266
17021,1805
17021,3360
17021,2816
7478,1085
7478,1966
7478,3927
7478,2701
17060,465
17060,3497
17060,379
17060,3831
17060,3853
17060,3334
17060,1445
17060,2767
17060,3143
17060,1543
17060,3809
17073,3467
17073,4005
17073,3842
17073,529
17073,3838
28110,2823
28110,2217
28110,3934
28110,4446
28110,1487
10060,2049
10060,3183
10060,3174
10060,3645
196130,1366
196130,4215
196130,3469
196130,1437
196130,1810
196130,3957
196130,3202
196130,3737
196130,883
196130,556
3377,956
3377,2969
3377,2410
3377,3971
3377,1512
3377,3976
3377,1429
3377,1236
18897,501
18897,1146
18897,776
18897,4485
18897,1204
11865,1947
11865,2160
23044,797
23044,2176
23044,2137
23044,3132
799,1447
799,392
799,3453
799,828
799,1725
799,3972
799,4446
799,2644
799,3806
799,823
7333,559
7333,3547
7333,2099
7333,3174
6166,2423
6166,617
6166,1966
6166,2224
9666,2045
9666,2743
9666,1531
9666,3852
9666,773
9666,1615
28331,3212
28331,2471
28331,814
28331,696
11608,3313
11608,3517
11608,1722
11608,1097
11550,2103
11550,1458
11550,2215
11550,2651
11550,2308
36884,2750
36884,1530
36884,3446
36884,981
36884,622
2273,3414
2273,2163
2273,2164
2273,3919
2273,3014
2273,3553
2273,2762
2273,3637
2273,4543
2273,2974
2273,4541
4090,751
4090,3660
4090,757
4090,1113
4090,1336
4090,799
4090,4025
4090,3388
4090,1823
4090,3574
4090,4137
40575,1508
40575,4660
40575,1607
40575,2525
9791,4743
9791,1612
9791,621
9791,3171
21644,1966
21644,4098
21644,823
21644,4206
6690,2514
6690,2608
6690,2066
6690,657
52014,2643
52014,683
52014,3250
52014,1295
52014,3297
52014,2781
52014,4788
52014,2316
52014,161
52014,2784
203935,2737
203935,2196
203935,3059
203935,4208
6507,1612
6507,1265
6507,1707
9813,2460
9813,1679
9813,800
9813,81
430,1966
430,2625
430,414
430,1482
430,335
430,1246
430,2432
430,3447
18182,1005
18182,795
18182,1518
40746,4758
40746,252
40746,2860
40746,4779
40746,3723
40746,4567
40746,1502
40746,4147
40746,2296
40746,3993
151887,3838
151887,63
151887,2179
151887,1679
151887,2122
151887,490
151887,254
151887,1908
151887,4204
151887,3734
34552,505
34552,4563
34552,4069
4106,248
4106,1227
4106,1335
4106,4138
4106,2783
4106,3482
4106,2758
4106,4553
4106,3640
13411,985
13411,1467
13411,649
13411,1229
624,617
624,2292
624,2040
624,2187
624,3680
624,3594
624,3741
624,1901
624,1084
5694,1558
5694,4490
5694,1285
5694,2649
12470,4611
12470,1875
12470,3867
12470,1526
12470,1163
12470,2540
6282,4417
6282,3920
6282,714
6282,1116
3323,3118
3323,1964
3323,4359
3323,910
3323,1019
3323,528
3323,884
3323,4402
3323,2871
3323,3891
3323,892
22414,2033
22414,863
22414,2647
22414,1505
2573,1834
2573,116
2573,1228
2573,1548
2573,4333
2573,2873
2573,4386
2573,4015
2573,2927
2573,4140
5695,1298
5695,216
5695,608
5695,2342
276,3940
276,4571
276,4578
276,2153
276,2026
276,1290
276,1371
276,2650
5689,63
5689,2202
5689,652
5689,708
5689,4232
5689,457
78167,534
78167,1976
78167,2774
78167,3383
78167,303
78167,3367
78167,4690
20868,559
20868,4747
20868,823
20868,4206
5442,1661
5442,2402
5442,3530
5442,919
5442,3914
5442,2242
5442,919
5442,130
5442,4665
5442,283
9960,3970
9960,4691
9960,2711
9960,1048
11582,4180
11582,3082
11582,2985
11582,559
28579,2562
28579,2381
28579,3211
28579,4318
5485,2171
5485,1222
5485,1963
5485,2419
21959,2341
21959,4608
21959,3775
5177,765
5177,2627
5177,1520
5177,2524
5177,2957
5177,2772
5177,90
5177,422
5177,2779
5177,3473
5177,2859
5177,2287
5177,3869
5177,2727
21240,2696
21240,2614
21240,2636
21240,4255
21240,3656
11671,1679
11671,1368
11671,4775
11671,289
2459,4380
2459,2434
2459,2030
2459,2988
2459,995
2459,661
2459,4016
2459,984
2459,3582
2459,944
27918,653
27918,3017
27918,898
27918,1064
27918,903
11680,1360
11680,906
11680,4114
11680,2989
6073,1947
6073,1796
6073,3680
6073,2107
3416,3600
3416,754
3416,4212
3416,2043
3416,3323
3416,2896
3416,60
3416,790
3416,948
11194,621
11194,1298
11194,1341
11194,2723
4810,2608
4810,2111
4810,1051
4810,3241
14168,4294
14168,365
14168,4342
14168,3033
39560,3046
39560,279
39560,4014
39560,2077
39560,80
39560,3304
39560,432
39560,1380
39560,3627
39560,850
1286,1389
1286,1537
1286,1084
1286,1694
1286,1196
1286,1190
8151,3543
8151,3856
8151,3860
8151,652
11140,617
11140,1846
11140,3708
11140,115
7532,1038
7532,2259
7532,516
7532,2235
16199,2477
16199,1403
16199,761
16199,2607
16199,2461
16199,3605
16199,3782
16199,3851
16199,2639
216459,1260
216459,4373
216459,4476
216459,118
216459,3491
216459,2732
14148,1520
14148,2775
14148,3578
14148,1338
42343,2983
42343,136
42343,1568
42343,846
42343,2282
42343,2265
42343,810
42343,3595
42343,4469
42343,3606
